{"name":"e096d2a4-7538-459f-b993-e0e05bcfbe08","id":"/providers/Microsoft.Flow/flows/e096d2a4-7538-459f-b993-e0e05bcfbe08","type":"Microsoft.Flow/flows","properties":{"apiId":"/providers/Microsoft.PowerApps/apis/shared_logicflows","displayName":"template - Mass share triage - GSuite","definition":{"metadata":{"workflowEntityId":null,"flowclientsuspensionreason":"None","flowclientsuspensiontime":null,"creator":{"id":"bdb72692-2275-412b-8af0-ea21c2ebd174","type":"User","tenantId":"4b2462a4-bbee-495a-a0e1-f23ae524cc9c"},"provisioningMethod":"FromDefinition","failureAlertSubscription":true,"clientLastModifiedTime":"2020-11-13T06:19:03.431202Z"},"$schema":"https://schema.management.azure.com/providers/Microsoft.Logic/schemas/2016-06-01/workflowdefinition.json#","contentVersion":"1.0.0.0","parameters":{"$connections":{"defaultValue":{},"type":"Object"},"$authentication":{"defaultValue":{},"type":"SecureObject"}},"triggers":{"When_an_alert_is_generated":{"metadata":{"flowSystemMetadata":{"swaggerOperationId":"MCAS_ON_ALERT_GENERATED"}},"type":"ApiConnectionWebhook","inputs":{"host":{"connection":{"name":"@parameters('$connections')['shared_cloudappsecurity']['connectionId']"},"api":{"runtimeUrl":"https://unitedstates-002.azure-apim.net/apim/cloudappsecurity"}},"body":{"callback_url":"@{listCallbackUrl()}"},"path":"/cas/api/v1/ms_flow/","authentication":"@parameters('$authentication')"}}},"actions":{"Get_alert_activities":{"runAfter":{"Initialize_googleEvents":["Succeeded"]},"type":"Http","inputs":{"method":"POST","uri":"@{variables('mcasTenant')}/api/v1/activities/","headers":{"Authorization":"token @{variables('apiToken')}"},"body":{"skip":0,"limit":50,"filters":{"activity.eventType":{"eq":["EVENT_CATEGORY_ADD_FOLDER"]},"activity.alertId":{"eq":"@{triggerBody()?['ProviderAlertId']}"}}}}},"Find_visibility":{"runAfter":{"Set_googleEvents":["Succeeded"]},"type":"Query","inputs":{"from":"@variables('googleEvents')","where":"@equals(item()?['name'], 'visibility')"}},"If_visibility_is_shared_internally":{"actions":{"Resolve_Cloud_App_Security_alert":{"runAfter":{"Post_alert_in_SOC_resolved_channel":["Succeeded"]},"metadata":{"flowSystemMetadata":{"swaggerOperationId":"MCAS_RESOLVE_ALERT"}},"type":"ApiConnection","inputs":{"host":{"connection":{"name":"@parameters('$connections')['shared_cloudappsecurity']['connectionId']"},"api":{"runtimeUrl":"https://unitedstates-002.azure-apim.net/apim/cloudappsecurity"}},"method":"post","body":{"filters":{"id":{"eq":["@triggerBody()?['ProviderAlertId']"]}},"comment":"Resolved automatically as shared internally"},"path":"/cas/api/v1/alerts/resolve/","authentication":"@parameters('$authentication')"}},"Post_alert_in_SOC_resolved_channel":{"runAfter":{"Compose_message_alert_resolved":["Succeeded"]},"metadata":{"flowSystemMetadata":{"swaggerOperationId":"PostMessageToChannelV3"}},"type":"ApiConnection","inputs":{"host":{"connection":{"name":"@parameters('$connections')['shared_teams']['connectionId']"},"api":{"runtimeUrl":"https://unitedstates-002.azure-apim.net/apim/teams"}},"method":"post","body":{"body":{"content":"<p>@{outputs('Compose_message_alert_resolved')}</p>","contentType":"html"}},"path":"/v3/beta/teams/@{encodeURIComponent('d05ba55c-593e-4bfa-8011-26e0626b5c14')}/channels/@{encodeURIComponent('19:509df22316b74b92a0acc22c07549f3f@thread.skype')}/messages","authentication":"@parameters('$authentication')"}},"Compose_message_alert_resolved":{"runAfter":{},"type":"Compose","inputs":"<font size=\"3\" color=\"red\"><b>MCAS alert resolved automatically</b></font><br><br>\n<b>Severity</b>: @{triggerBody()?['Severity']}<br>\n<b>Alert</b>: @{triggerBody()?['AlertDisplayName']} <br>\n<b>Alert ID</b>: @{triggerBody()?['ProviderAlertId']}<br>\n<a href=\"@{concat('https://portal.cloudappsecurity.com/#/alerts/', triggerBody()?['ProviderAlertId'])}\">Alert direct link</a><br>\n<b>Description</b>:<br>\n @{triggerBody()?['Description']}<br><br>\n---------------------------------------------------------------------------------\n\n<Br>\nFile was shared interlanny: <br>\n@{body('Find_visibility')}\n---------------------------------------------------------------------------------\n"}},"runAfter":{"Find_visibility":["Succeeded"]},"else":{"actions":{"Compose_new_alert":{"runAfter":{},"type":"Compose","inputs":"<font size=\"3\" color=\"red\"><b>New MCAS alert</b></font><br><br>\n<b>Severity</b>: @{triggerBody()?['Severity']}<br>\n<b>Alert</b>: @{triggerBody()?['AlertDisplayName']} <br>\n<b>Alert ID</b>: @{triggerBody()?['ProviderAlertId']}<br>\n<a href=\"@{concat('https://portal.cloudappsecurity.com/#/alerts/', triggerBody()?['ProviderAlertId'])}\">Alert direct link</a><br>\n<b>Description</b>:<br>\n @{triggerBody()?['Description']}<br><br>\n---------------------------------------------------------------------------------\n\n<Br>\nFile sharing details: <br>\n@{body('Find_visibility')}\n"},"Post_a_message_in_SOC_new_alerts_channel":{"runAfter":{"Compose_new_alert":["Succeeded"]},"metadata":{"flowSystemMetadata":{"swaggerOperationId":"PostMessageToChannelV3"}},"type":"ApiConnection","inputs":{"host":{"connection":{"name":"@parameters('$connections')['shared_teams']['connectionId']"},"api":{"runtimeUrl":"https://unitedstates-002.azure-apim.net/apim/teams"}},"method":"post","body":{"body":{"content":"<p>@{outputs('Compose_new_alert')}</p>","contentType":"html"}},"path":"/v3/beta/teams/@{encodeURIComponent('d05ba55c-593e-4bfa-8011-26e0626b5c14')}/channels/@{encodeURIComponent('19:8e52aee721394ab78563596463c067dc@thread.skype')}/messages","authentication":"@parameters('$authentication')"}}}},"expression":{"equals":["@body('Find_visibility')?[0]?['value']","shared_internally"]},"type":"If"},"Initialize_mcasTenant":{"runAfter":{},"type":"InitializeVariable","inputs":{"variables":[{"name":"mcasTenant","type":"String","value":"https://mcas_tenant"}]}},"Initialize_API_token":{"runAfter":{"Initialize_mcasTenant":["Succeeded"]},"type":"InitializeVariable","inputs":{"variables":[{"name":"apiToken","type":"string","value":"mcas_api_token"}]}},"Initialize_googleEvents":{"runAfter":{"Initialize_API_token":["Succeeded"]},"type":"InitializeVariable","inputs":{"variables":[{"name":"googleEvents","type":"array"}]}},"Set_googleEvents":{"runAfter":{"Get_alert_activities":["Succeeded"]},"type":"SetVariable","inputs":{"name":"googleEvents","value":"@body('Get_alert_activities')?['data']?[0]?['rawDataJson']?['events']"}}},"outputs":{}},"connectionReferences":{"shared_cloudappsecurity":{"connectionName":"219e3517f53b4eceadf07f8f8831a685","source":"Embedded","id":"/providers/Microsoft.PowerApps/apis/shared_cloudappsecurity","tier":"NotSpecified"},"shared_teams":{"connectionName":"ed97f69aec7f46858030193f6bb8758f","source":"Embedded","id":"/providers/Microsoft.PowerApps/apis/shared_teams","tier":"NotSpecified"}},"flowFailureAlertSubscribed":false}}