{"name":"35bbbc7e-e35f-4857-9ffe-496566414f27","id":"/providers/Microsoft.Flow/flows/35bbbc7e-e35f-4857-9ffe-496566414f27","type":"Microsoft.Flow/flows","properties":{"apiId":"/providers/Microsoft.PowerApps/apis/shared_logicflows","displayName":"MeganB - Request manager input before disabling account","definition":{"metadata":{"workflowEntityId":null,"flowclientsuspensionreason":"None","flowclientsuspensiontime":null,"creator":{"id":"bdb72692-2275-412b-8af0-ea21c2ebd174","type":"User","tenantId":"4b2462a4-bbee-495a-a0e1-f23ae524cc9c"},"provisioningMethod":"FromDefinition","failureAlertSubscription":true,"clientLastModifiedTime":"2020-08-19T16:09:02.8223717Z"},"$schema":"https://schema.management.azure.com/providers/Microsoft.Logic/schemas/2016-06-01/workflowdefinition.json#","contentVersion":"1.0.0.0","parameters":{"$connections":{"defaultValue":{},"type":"Object"},"$authentication":{"defaultValue":{},"type":"SecureObject"}},"triggers":{"When_an_alert_is_generated":{"metadata":{"flowSystemMetadata":{"swaggerOperationId":"MCAS_ON_ALERT_GENERATED"}},"type":"ApiConnectionWebhook","inputs":{"host":{"connection":{"name":"@parameters('$connections')['shared_cloudappsecurity']['connectionId']"},"api":{"runtimeUrl":"https://unitedstates-002.azure-apim.net/apim/cloudappsecurity"}},"body":{"callback_url":"@{listCallbackUrl()}"},"path":"/cas/api/v1/ms_flow/","authentication":"@parameters('$authentication')"}}},"actions":{"Get_user_attributes_from_AAD":{"runAfter":{"Initialize_mobile":["Succeeded"]},"metadata":{"flowSystemMetadata":{"swaggerOperationId":"GetUser"}},"type":"ApiConnection","inputs":{"host":{"connection":{"name":"@parameters('$connections')['shared_azuread']['connectionId']"},"api":{"runtimeUrl":"https://unitedstates-002.azure-apim.net/apim/azuread"}},"method":"get","path":"/v1.0/users/@{encodeURIComponent(triggerBody()?['CompromisedEntity'])}","authentication":"@parameters('$authentication')"}},"Get_manager_info_of_user_":{"runAfter":{"Get_user_profile":["Succeeded"]},"metadata":{"flowSystemMetadata":{"swaggerOperationId":"Manager_V2"}},"type":"ApiConnection","inputs":{"host":{"connection":{"name":"@parameters('$connections')['shared_office365users']['connectionId']"},"api":{"runtimeUrl":"https://unitedstates-002.azure-apim.net/apim/office365users"}},"method":"get","path":"/codeless/v1.0/users/@{encodeURIComponent(triggerBody()?['CompromisedEntity'])}/manager","authentication":"@parameters('$authentication')"}},"Switch":{"runAfter":{"Request_manager_input":["Succeeded"]},"cases":{"Manager_requested_Dismiss_Alert":{"case":"Ignore Alert","actions":{"Dismiss_alert":{"runAfter":{"Compose_dismiss_message":["Succeeded"]},"metadata":{"flowSystemMetadata":{"swaggerOperationId":"MCAS_DISMISS_ALERT"}},"type":"ApiConnection","inputs":{"host":{"connection":{"name":"@parameters('$connections')['shared_cloudappsecurity']['connectionId']"},"api":{"runtimeUrl":"https://unitedstates-002.azure-apim.net/apim/cloudappsecurity"}},"method":"post","body":{"filters":{"id":{"eq":["@triggerBody()?['ProviderAlertId']"]}},"comment":"@{body('Get_manager_info_of_user_')?['displayName']} requested to dismiss the alert."},"path":"/cas/api/v1/alerts/dismiss_bulk/","authentication":"@parameters('$authentication')"}},"Compose_dismiss_message":{"runAfter":{},"type":"Compose","inputs":"<font size=\"3\" color=\"green\"><b>MCAS alert dismissed</b></font> by User manager (<b>@{body('Get_manager_info_of_user_')?['displayName']}</b>)<br><br>\n<b>Severity</b>: @{triggerBody()?['Severity']}<br>\n<b>Alert</b>: @{triggerBody()?['AlertDisplayName']} <br>\n<b>Alert ID</b>: @{triggerBody()?['ProviderAlertId']}<br>\n<a href=\"@{concat('https://portal.cloudappsecurity.com/#/alerts/',triggerBody()?['ProviderAlertId'])}\">Alert direct link</a><br>\n<b>Description</b>:<br>\n @{triggerBody()?['Description']}<br><br>\n---------------------------------------------------------------------------------\n<br>\n<b>Name</b>: @{body('Get_user_attributes_from_AAD')?['displayName']}<br>\n<b>Email</b>: @{body('Get_user_profile')?['mail']}<br>\n<b>Department</b>: @{body('Get_user_profile')?['department']}<br>\n<b>Title</b>: @{body('Get_user_profile')?['jobTitle']}<br>\n<b>Phone</b>: @{body('Get_user_profile')?['mobilePhone']}<br>\n<b>Country</b>: @{body('Get_user_profile')?['country']}\n"},"Post_a_message":{"runAfter":{"Dismiss_alert":["Succeeded"]},"metadata":{"flowSystemMetadata":{"swaggerOperationId":"PostMessageToChannel"}},"type":"ApiConnection","inputs":{"host":{"connection":{"name":"@parameters('$connections')['shared_teams']['connectionId']"},"api":{"runtimeUrl":"https://unitedstates-002.azure-apim.net/apim/teams"}},"method":"post","body":{"rootMessage":{"body":{"content":"@{outputs('Compose_dismiss_message')}","contentType":1}}},"path":"/beta/groups/@{encodeURIComponent('d05ba55c-593e-4bfa-8011-26e0626b5c14')}/channels/@{encodeURIComponent('19:509df22316b74b92a0acc22c07549f3f@thread.skype')}/chatThreads","authentication":"@parameters('$authentication')"}}}},"Manager_requested_Disable_User":{"case":"Disable User","actions":{"Disable_user_in_AAD":{"runAfter":{},"metadata":{"flowSystemMetadata":{"swaggerOperationId":"UpdateUser"}},"type":"ApiConnection","inputs":{"host":{"connection":{"name":"@parameters('$connections')['shared_azuread']['connectionId']"},"api":{"runtimeUrl":"https://unitedstates-002.azure-apim.net/apim/azuread"}},"method":"patch","body":{"accountEnabled":false},"path":"/v1.0/users/@{encodeURIComponent(body('Get_user_attributes_from_AAD')?['userPrincipalName'])}","authentication":"@parameters('$authentication')"}},"Resolve_alert":{"runAfter":{"Inform_user_by_SMS":["Succeeded"]},"metadata":{"flowSystemMetadata":{"swaggerOperationId":"MCAS_RESOLVE_ALERT"}},"type":"ApiConnection","inputs":{"host":{"connection":{"name":"@parameters('$connections')['shared_cloudappsecurity']['connectionId']"},"api":{"runtimeUrl":"https://unitedstates-002.azure-apim.net/apim/cloudappsecurity"}},"method":"post","body":{"filters":{"id":{"eq":["@triggerBody()?['ProviderAlertId']"]}},"comment":"Resolved after disabling @{triggerBody()?['CompromisedEntity']} account, after @{body('Get_manager_info_of_user_')?['displayName']} approval."},"path":"/cas/api/v1/alerts/resolve/","authentication":"@parameters('$authentication')"}},"Confirm_resolution":{"runAfter":{"Resolve_alert":["Succeeded"]},"metadata":{"flowSystemMetadata":{"swaggerOperationId":"SharedMailboxSendEmail"}},"type":"ApiConnection","inputs":{"host":{"connection":{"name":"@parameters('$connections')['shared_office365']['connectionId']"},"api":{"runtimeUrl":"https://unitedstates-002.azure-apim.net/apim/office365"}},"method":"post","body":{"MailboxAddress":"itsupport@seccxp.ninja","To":"@{body('Get_manager_info_of_user_')?['mail']};","Subject":"Security alert @{triggerBody()?['ProviderAlertId']} resolved","Body":"Dear @{body('Get_manager_info_of_user_')?['displayName']},<br><br>\n\nWe want to inform you that based on your request, @{body('Get_user_attributes_from_AAD')?['displayName']} account has been disabled. <br>\n\nThank you for your support,<br>\n\nThe IT team.","Importance":"Normal","IsHtml":true},"path":"/SharedMailbox/Mail","authentication":"@parameters('$authentication')"}},"Inform_user_by_SMS":{"runAfter":{"Disable_user_in_AAD":["Succeeded"]},"metadata":{"flowSystemMetadata":{"swaggerOperationId":"SendMessage"}},"type":"ApiConnection","inputs":{"host":{"connection":{"name":"@parameters('$connections')['shared_twilio']['connectionId']"},"api":{"runtimeUrl":"https://unitedstates-002.azure-apim.net/apim/twilio"}},"method":"post","body":{"from":"+16097811259","to":"@variables('mobile')","body":"Dear @{body('Get_user_profile')?['displayName']}, due to security incidents, you company account has been disabled by your manager @{body('Get_manager_info_of_user_')?['displayName']}. Please contact him (001987456) or the servicedesk (00112345678) to reset your password and enable your account."},"path":"/Messages.json","authentication":"@parameters('$authentication')"}}}},"Manager_requested_to_investigate_alert_further":{"case":"Request investigation","actions":{"Post_a_message_in_SOC_teams_channel":{"runAfter":{"Compose_message":["Succeeded"]},"metadata":{"flowSystemMetadata":{"swaggerOperationId":"PostMessageToChannel"}},"type":"ApiConnection","inputs":{"host":{"connection":{"name":"@parameters('$connections')['shared_teams']['connectionId']"},"api":{"runtimeUrl":"https://unitedstates-002.azure-apim.net/apim/teams"}},"method":"post","body":{"rootMessage":{"body":{"content":"@{outputs('Compose_message')}","contentType":1}}},"path":"/beta/groups/@{encodeURIComponent('d05ba55c-593e-4bfa-8011-26e0626b5c14')}/channels/@{encodeURIComponent('19:8e52aee721394ab78563596463c067dc@thread.skype')}/chatThreads","authentication":"@parameters('$authentication')"}},"Compose_message":{"runAfter":{},"type":"Compose","inputs":"<font size=\"3\" color=\"red\"><b>New MCAS alert !</b></font><br><br>\n<b>Severity</b>: @{triggerBody()?['Severity']}<br>\n<b>Alert</b>: @{triggerBody()?['AlertDisplayName']} <br>\n<b>Alert ID</b>: @{triggerBody()?['ProviderAlertId']}<br>\n<a href=\"@{concat('https://portal.cloudappsecurity.com/#/alerts/',triggerBody()?['ProviderAlertId'])}\">Alert direct link</a><br>\n<b>Description</b>:<br>\n @{triggerBody()?['Description']}<br><br>\n\nUser manager (<b>@{body('Get_manager_info_of_user_')?['displayName']}</b>) requested further investigation on <b>@{triggerBody()?['CompromisedEntity']}</b>\n<Br>\n---------------------------------------------------------------------------------\n<br>\n<b>Name</b>: @{body('Get_user_attributes_from_AAD')?['displayName']}<br>\n<b>Email</b>: @{body('Get_user_profile')?['mail']}<br>\n<b>Department</b>: @{body('Get_user_profile')?['department']}<br>\n<b>Title</b>: @{body('Get_user_profile')?['jobTitle']}<br>\n<b>Phone</b>: @{body('Get_user_profile')?['mobilePhone']}<br>\n<b>Country</b>: @{body('Get_user_profile')?['country']}\n"},"Send_incident_details":{"runAfter":{"Post_a_message_in_SOC_teams_channel":["Succeeded"]},"metadata":{"flowSystemMetadata":{"swaggerOperationId":"SharedMailboxSendEmail"}},"type":"ApiConnection","inputs":{"host":{"connection":{"name":"@parameters('$connections')['shared_office365']['connectionId']"},"api":{"runtimeUrl":"https://unitedstates-002.azure-apim.net/apim/office365"}},"method":"post","body":{"MailboxAddress":"itsupport@seccxp.ninja","To":"seb@seccxp.ninja;caroline@seccxp.ninja","Subject":"New Alert details","Body":"@{outputs('Compose_message')}","Importance":"Normal","IsHtml":true},"path":"/SharedMailbox/Mail","authentication":"@parameters('$authentication')"}}}}},"default":{"actions":{}},"expression":"@body('Request_manager_input')?['SelectedOption']","type":"Switch"},"Request_manager_input":{"runAfter":{"Get_manager_info_of_user_":["Succeeded"]},"metadata":{"flowSystemMetadata":{"swaggerOperationId":"SendMailWithOptions"}},"type":"ApiConnectionWebhook","inputs":{"host":{"connection":{"name":"@parameters('$connections')['shared_office365']['connectionId']"},"api":{"runtimeUrl":"https://unitedstates-002.azure-apim.net/apim/office365"}},"body":{"NotificationUrl":"@{listCallbackUrl()}","Message":{"To":"@{body('Get_manager_info_of_user_')?['mail']};seb@seccxp.ninja;caroline@seccxp.ninja;","Subject":"Security Alert: Your input is required","Options":"Ignore Alert, Disable User, Request investigation","HeaderText":"We recently detected a security alert for @{body('Get_user_attributes_from_AAD')?['displayName']} and need your input to complete the investigation.","SelectionText":"Please choose from the below options on how to proceed with investigation:","Body":"<b>User</b>: @{body('Get_user_attributes_from_AAD')?['displayName']}\n<br>\n<b>Severity</b>: @{triggerBody()?['Severity']}\n<br><br>\n<b>Description</b>:<br>\n @{triggerBody()?['Description']}","Importance":"High","UseOnlyHTMLMessage":true}},"path":"/mailwithoptions/$subscriptions","authentication":"@parameters('$authentication')"}},"Get_user_profile":{"runAfter":{"Get_user_attributes_from_AAD":["Succeeded"]},"metadata":{"flowSystemMetadata":{"swaggerOperationId":"UserProfile_V2"}},"type":"ApiConnection","inputs":{"host":{"connection":{"name":"@parameters('$connections')['shared_office365users']['connectionId']"},"api":{"runtimeUrl":"https://unitedstates-002.azure-apim.net/apim/office365users"}},"method":"get","path":"/codeless/v1.0/users/@{encodeURIComponent(triggerBody()?['CompromisedEntity'])}","authentication":"@parameters('$authentication')"}},"Initialize_mobile":{"runAfter":{},"type":"InitializeVariable","inputs":{"variables":[{"name":"mobile","type":"String","value":"+16097811259"}]}}},"outputs":{}},"connectionReferences":{"shared_azuread":{"connectionName":"e32680cc6d2a469b88de0c73d3b56c01","source":"Embedded","id":"/providers/Microsoft.PowerApps/apis/shared_azuread","tier":"NotSpecified"},"shared_office365users":{"connectionName":"76ab9b902ece4c5786e18c048be43116","source":"Embedded","id":"/providers/Microsoft.PowerApps/apis/shared_office365users","tier":"NotSpecified"},"shared_cloudappsecurity":{"connectionName":"219e3517f53b4eceadf07f8f8831a685","source":"Embedded","id":"/providers/Microsoft.PowerApps/apis/shared_cloudappsecurity","tier":"NotSpecified"},"shared_teams":{"connectionName":"ed97f69aec7f46858030193f6bb8758f","source":"Embedded","id":"/providers/Microsoft.PowerApps/apis/shared_teams","tier":"NotSpecified"},"shared_office365":{"connectionName":"331e59a51e27469881ddc2bc50d5388c","source":"Embedded","id":"/providers/Microsoft.PowerApps/apis/shared_office365","tier":"NotSpecified"},"shared_twilio":{"connectionName":"shared-twilio-802ad417-e7ef-4485-aa71-a544988fa578","source":"Embedded","id":"/providers/Microsoft.PowerApps/apis/shared_twilio","tier":"NotSpecified"}},"flowFailureAlertSubscribed":false}}